Name,Location,Price,BHK,Size,Amenities,Virtual Tour
TVH Ouranya Bay,Karapakkam,48 Crores,1 BHK,1848 sq. ft.,"Playground, Parking, Garden",https://virtualtour2.com
Adroit District S,Thoraipakkam,65 Crores,1 BHK,2165 sq. ft.,"Yoga Deck, Multipurpose Hall, 24/7 Power Backup",https://virtualtour6.com
Baashyaam Pinnacle Crest,OMR,81 Crores,4 BHK,1094 sq. ft.,"Gym, Swimming Pool, Clubhouse, Security",https://virtualtour10.com
Purva Skycondos,Perungudi,86 Crores,4 BHK,1842 sq. ft.,"Yoga Deck, Multipurpose Hall, 24/7 Power Backup",https://virtualtour2.com
Casagrand Supremus,Padur,112 Crores,2 BHK,1460 sq. ft.,"Gym, Swimming Pool, Clubhouse, Security",https://virtualtour9.com
Hiranandani Anchorage,Siruseri,101 Crores,3 BHK,952 sq. ft.,"Gym, Swimming Pool, Clubhouse, Security",https://virtualtour5.com
Lancor TCP Altura,Navalur,103 Crores,2 BHK,2024 sq. ft.,"Yoga Deck, Multipurpose Hall, 24/7 Power Backup",https://virtualtour6.com
Sobha Winchester,Sholinganallur,104 Crores,2 BHK,858 sq. ft.,"Playground, Parking, Garden",https://virtualtour4.com
Olympia Opaline,Thoraipakkam,119 Crores,3 BHK,2084 sq. ft.,"Indoor Games, Children's Play Area, Library",https://virtualtour5.com
Casagrand Supremus,Uthandi,89 Crores,1 BHK,1106 sq. ft.,"Sports Arena, Jogging Track, CCTV Surveillance",https://virtualtour3.com
L&T Eden Park,Karapakkam,53 Crores,4 BHK,2147 sq. ft.,"Playground, Parking, Garden",https://virtualtour8.com
Mantri Synergy,Navalur,111 Crores,2 BHK,2495 sq. ft.,"Indoor Games, Children's Play Area, Library",https://virtualtour1.com
Akshaya Abov,Navalur,116 Crores,4 BHK,1269 sq. ft.,"Playground, Parking, Garden",https://virtualtour6.com
Nova Meridian,Karapakkam,51 Crores,2 BHK,1514 sq. ft.,"Sports Arena, Jogging Track, CCTV Surveillance",https://virtualtour8.com
Adroit District S,OMR,100 Crores,4 BHK,1011 sq. ft.,"Sports Arena, Jogging Track, CCTV Surveillance",https://virtualtour4.com
Hiranandani Anchorage,OMR,107 Crores,3 BHK,1009 sq. ft.,"Sports Arena, Jogging Track, CCTV Surveillance",https://virtualtour4.com
Casagrand Supremus,OMR,80 Crores,4 BHK,1326 sq. ft.,"Indoor Games, Children's Play Area, Library",https://virtualtour5.com
Casa Grande Elita,Padur,53 Crores,3 BHK,2040 sq. ft.,"Yoga Deck, Multipurpose Hall, 24/7 Power Backup",https://virtualtour7.com
XS Real Siena,Perungudi,61 Crores,4 BHK,2043 sq. ft.,"Indoor Games, Children's Play Area, Library",https://virtualtour2.com
Purva Skycondos,Siruseri,77 Crores,4 BHK,2382 sq. ft.,"Playground, Parking, Garden",https://virtualtour10.com
Baashyaam Pinnacle Crest,Uthandi,83 Crores,4 BHK,2025 sq. ft.,"Yoga Deck, Multipurpose Hall, 24/7 Power Backup",https://virtualtour5.com
Olympia Opaline,Padur,113 Crores,4 BHK,878 sq. ft.,"Indoor Games, Children's Play Area, Library",https://virtualtour5.com
DLF Gardencity,Perungudi,76 Crores,4 BHK,2322 sq. ft.,"Sports Arena, Jogging Track, CCTV Surveillance",https://virtualtour8.com
Hiranandani Anchorage,Karapakkam,55 Crores,1 BHK,1365 sq. ft.,"Playground, Parking, Garden",https://virtualtour5.com
Adroit District S,Perungudi,94 Crores,3 BHK,2068 sq. ft.,"Playground, Parking, Garden",https://virtualtour8.com
DLF Gardencity,Siruseri,67 Crores,2 BHK,2458 sq. ft.,"Indoor Games, Children's Play Area, Library",https://virtualtour5.com
The Metrozone,Uthandi,63 Crores,2 BHK,1783 sq. ft.,"Sports Arena, Jogging Track, CCTV Surveillance",https://virtualtour10.com
Adroit District S,Sholinganallur,72 Crores,3 BHK,1481 sq. ft.,"Playground, Parking, Garden",https://virtualtour10.com
Prestige Courtyards,Uthandi,88 Crores,4 BHK,2025 sq. ft.,"Sports Arena, Jogging Track, CCTV Surveillance",https://virtualtour3.com
Adroit District S,Uthandi,85 Crores,2 BHK,1636 sq. ft.,"Gym, Swimming Pool, Clubhouse, Security",https://virtualtour6.com
Olympia Opaline,OMR,74 Crores,1 BHK,1290 sq. ft.,"Indoor Games, Children's Play Area, Library",https://virtualtour6.com
Radiance Ivy Terrace,Sholinganallur,76 Crores,3 BHK,1128 sq. ft.,"Sports Arena, Jogging Track, CCTV Surveillance",https://virtualtour2.com
Casa Grande Elita,Karapakkam,87 Crores,2 BHK,2340 sq. ft.,"Indoor Games, Children's Play Area, Library",https://virtualtour9.com
Akshaya Abov,Navalur,59 Crores,2 BHK,2447 sq. ft.,"Sports Arena, Jogging Track, CCTV Surveillance",https://virtualtour5.com
Casa Grande Elita,OMR,78 Crores,3 BHK,1985 sq. ft.,"Sports Arena, Jogging Track, CCTV Surveillance",https://virtualtour8.com
DLF Gardencity,Navalur,52 Crores,2 BHK,2005 sq. ft.,"Sports Arena, Jogging Track, CCTV Surveillance",https://virtualtour3.com
Casagrand Supremus,OMR,73 Crores,2 BHK,1051 sq. ft.,"Sports Arena, Jogging Track, CCTV Surveillance",https://virtualtour9.com
L&T Eden Park,Thoraipakkam,110 Crores,1 BHK,2453 sq. ft.,"Gym, Swimming Pool, Clubhouse, Security",https://virtualtour4.com
Sobha Winchester,OMR,78 Crores,1 BHK,2085 sq. ft.,"Indoor Games, Children's Play Area, Library",https://virtualtour3.com
Sobha Winchester,Semmencherry,45 Crores,4 BHK,967 sq. ft.,"Indoor Games, Children's Play Area, Library",https://virtualtour9.com
Godrej Azure,Siruseri,48 Crores,1 BHK,1685 sq. ft.,"Gym, Swimming Pool, Clubhouse, Security",https://virtualtour10.com
DLF Gardencity,Semmencherry,68 Crores,2 BHK,2016 sq. ft.,"Yoga Deck, Multipurpose Hall, 24/7 Power Backup",https://virtualtour2.com
Godrej Azure,OMR,55 Crores,4 BHK,2481 sq. ft.,"Yoga Deck, Multipurpose Hall, 24/7 Power Backup",https://virtualtour10.com
The Metrozone,Padur,46 Crores,1 BHK,1520 sq. ft.,"Gym, Swimming Pool, Clubhouse, Security",https://virtualtour9.com
Olympia Opaline,Siruseri,104 Crores,3 BHK,2398 sq. ft.,"Gym, Swimming Pool, Clubhouse, Security",https://virtualtour2.com
The Metrozone,Padur,109 Crores,2 BHK,2191 sq. ft.,"Indoor Games, Children's Play Area, Library",https://virtualtour2.com
Baashyaam Pinnacle Crest,Perungudi,61 Crores,1 BHK,977 sq. ft.,"Indoor Games, Children's Play Area, Library",https://virtualtour7.com
DLF Gardencity,Perungudi,106 Crores,1 BHK,2328 sq. ft.,"Playground, Parking, Garden",https://virtualtour2.com
XS Real Siena,Sholinganallur,59 Crores,1 BHK,937 sq. ft.,"Yoga Deck, Multipurpose Hall, 24/7 Power Backup",https://virtualtour9.com
Godrej Azure,Siruseri,100 Crores,4 BHK,899 sq. ft.,"Sports Arena, Jogging Track, CCTV Surveillance",https://virtualtour10.com
Godrej Azure,Thoraipakkam,53 Crores,4 BHK,945 sq. ft.,"Sports Arena, Jogging Track, CCTV Surveillance",https://virtualtour8.com
The Metrozone,Semmencherry,87 Crores,1 BHK,953 sq. ft.,"Sports Arena, Jogging Track, CCTV Surveillance",https://virtualtour1.com
Radiance Ivy Terrace,Perungudi,61 Crores,4 BHK,1155 sq. ft.,"Indoor Games, Children's Play Area, Library",https://virtualtour9.com
DLF Gardencity,Padur,50 Crores,2 BHK,2094 sq. ft.,"Yoga Deck, Multipurpose Hall, 24/7 Power Backup",https://virtualtour5.com
Mantri Synergy,OMR,57 Crores,1 BHK,913 sq. ft.,"Gym, Swimming Pool, Clubhouse, Security",https://virtualtour1.com
Lancor TCP Altura,Uthandi,91 Crores,3 BHK,2112 sq. ft.,"Gym, Swimming Pool, Clubhouse, Security",https://virtualtour5.com
Purva Skycondos,Siruseri,95 Crores,1 BHK,1182 sq. ft.,"Gym, Swimming Pool, Clubhouse, Security",https://virtualtour4.com
Mantri Synergy,Karapakkam,49 Crores,2 BHK,2177 sq. ft.,"Yoga Deck, Multipurpose Hall, 24/7 Power Backup",https://virtualtour1.com
Lancor TCP Altura,Karapakkam,81 Crores,3 BHK,1876 sq. ft.,"Playground, Parking, Garden",https://virtualtour6.com
Baashyaam Pinnacle Crest,Padur,83 Crores,2 BHK,2270 sq. ft.,"Indoor Games, Children's Play Area, Library",https://virtualtour2.com
Mantri Synergy,Thoraipakkam,99 Crores,4 BHK,2071 sq. ft.,"Indoor Games, Children's Play Area, Library",https://virtualtour9.com
Casa Grande Elita,Semmencherry,53 Crores,4 BHK,2364 sq. ft.,"Sports Arena, Jogging Track, CCTV Surveillance",https://virtualtour5.com
Adroit District S,Karapakkam,116 Crores,3 BHK,1756 sq. ft.,"Sports Arena, Jogging Track, CCTV Surveillance",https://virtualtour1.com
Prestige Courtyards,Navalur,57 Crores,1 BHK,1831 sq. ft.,"Indoor Games, Children's Play Area, Library",https://virtualtour9.com
Casa Grande Elita,Semmencherry,80 Crores,4 BHK,1132 sq. ft.,"Sports Arena, Jogging Track, CCTV Surveillance",https://virtualtour2.com
DLF Gardencity,Padur,97 Crores,2 BHK,1783 sq. ft.,"Playground, Parking, Garden",https://virtualtour4.com
The Metrozone,Uthandi,64 Crores,3 BHK,1330 sq. ft.,"Playground, Parking, Garden",https://virtualtour9.com
Adroit District S,Padur,102 Crores,2 BHK,2252 sq. ft.,"Gym, Swimming Pool, Clubhouse, Security",https://virtualtour4.com
Lancor TCP Altura,Semmencherry,75 Crores,4 BHK,1679 sq. ft.,"Gym, Swimming Pool, Clubhouse, Security",https://virtualtour2.com
The Metrozone,Perungudi,56 Crores,3 BHK,1322 sq. ft.,"Playground, Parking, Garden",https://virtualtour1.com
Lancor TCP Altura,Karapakkam,100 Crores,2 BHK,1545 sq. ft.,"Yoga Deck, Multipurpose Hall, 24/7 Power Backup",https://virtualtour8.com
Prestige Courtyards,OMR,97 Crores,3 BHK,1885 sq. ft.,"Gym, Swimming Pool, Clubhouse, Security",https://virtualtour1.com
DLF Gardencity,Siruseri,50 Crores,4 BHK,1033 sq. ft.,"Gym, Swimming Pool, Clubhouse, Security",https://virtualtour5.com
Olympia Opaline,Perungudi,65 Crores,3 BHK,1433 sq. ft.,"Indoor Games, Children's Play Area, Library",https://virtualtour6.com
L&T Eden Park,Karapakkam,111 Crores,2 BHK,1639 sq. ft.,"Playground, Parking, Garden",https://virtualtour5.com
Baashyaam Pinnacle Crest,Siruseri,75 Crores,2 BHK,1041 sq. ft.,"Gym, Swimming Pool, Clubhouse, Security",https://virtualtour4.com
Hiranandani Anchorage,Navalur,64 Crores,1 BHK,2459 sq. ft.,"Sports Arena, Jogging Track, CCTV Surveillance",https://virtualtour5.com
Mantri Synergy,Siruseri,105 Crores,3 BHK,2102 sq. ft.,"Yoga Deck, Multipurpose Hall, 24/7 Power Backup",https://virtualtour6.com
Prestige Courtyards,Karapakkam,90 Crores,4 BHK,1367 sq. ft.,"Gym, Swimming Pool, Clubhouse, Security",https://virtualtour1.com
Radiance Ivy Terrace,Thoraipakkam,95 Crores,3 BHK,2351 sq. ft.,"Yoga Deck, Multipurpose Hall, 24/7 Power Backup",https://virtualtour5.com
Hiranandani Anchorage,Karapakkam,66 Crores,2 BHK,2437 sq. ft.,"Indoor Games, Children's Play Area, Library",https://virtualtour5.com
Baashyaam Pinnacle Crest,OMR,52 Crores,3 BHK,2403 sq. ft.,"Gym, Swimming Pool, Clubhouse, Security",https://virtualtour10.com
Casa Grande Elita,Semmencherry,92 Crores,2 BHK,1297 sq. ft.,"Indoor Games, Children's Play Area, Library",https://virtualtour1.com
The Metrozone,Uthandi,53 Crores,4 BHK,1111 sq. ft.,"Playground, Parking, Garden",https://virtualtour8.com
Sobha Winchester,Perungudi,71 Crores,1 BHK,863 sq. ft.,"Playground, Parking, Garden",https://virtualtour3.com
Prestige Courtyards,Semmencherry,100 Crores,3 BHK,1411 sq. ft.,"Playground, Parking, Garden",https://virtualtour5.com
Adroit District S,Siruseri,86 Crores,2 BHK,1432 sq. ft.,"Indoor Games, Children's Play Area, Library",https://virtualtour2.com
L&T Eden Park,Siruseri,78 Crores,4 BHK,930 sq. ft.,"Playground, Parking, Garden",https://virtualtour3.com
Godrej Azure,Navalur,63 Crores,2 BHK,1681 sq. ft.,"Indoor Games, Children's Play Area, Library",https://virtualtour6.com
Hiranandani Anchorage,Semmencherry,63 Crores,1 BHK,1583 sq. ft.,"Indoor Games, Children's Play Area, Library",https://virtualtour3.com
Sobha Winchester,Sholinganallur,106 Crores,2 BHK,1726 sq. ft.,"Playground, Parking, Garden",https://virtualtour9.com
Mantri Synergy,Navalur,93 Crores,4 BHK,1376 sq. ft.,"Gym, Swimming Pool, Clubhouse, Security",https://virtualtour10.com
Nova Meridian,Semmencherry,65 Crores,1 BHK,1975 sq. ft.,"Sports Arena, Jogging Track, CCTV Surveillance",https://virtualtour1.com
Akshaya Abov,Thoraipakkam,92 Crores,3 BHK,1685 sq. ft.,"Indoor Games, Children's Play Area, Library",https://virtualtour4.com
Nova Meridian,Thoraipakkam,89 Crores,1 BHK,2043 sq. ft.,"Playground, Parking, Garden",https://virtualtour5.com
Casa Grande Elita,OMR,108 Crores,2 BHK,1162 sq. ft.,"Playground, Parking, Garden",https://virtualtour3.com
Mantri Synergy,Padur,95 Crores,1 BHK,1929 sq. ft.,"Yoga Deck, Multipurpose Hall, 24/7 Power Backup",https://virtualtour7.com
Radiance Ivy Terrace,Thoraipakkam,62 Crores,2 BHK,2262 sq. ft.,"Indoor Games, Children's Play Area, Library",https://virtualtour6.com
Godrej Azure,Thoraipakkam,64 Crores,3 BHK,852 sq. ft.,"Indoor Games, Children's Play Area, Library",https://virtualtour5.com
Purva Skycondos,Thoraipakkam,77 Crores,4 BHK,991 sq. ft.,"Yoga Deck, Multipurpose Hall, 24/7 Power Backup",https://virtualtour5.com
Prestige Courtyards,Uthandi,90 Crores,2 BHK,1592 sq. ft.,"Sports Arena, Jogging Track, CCTV Surveillance",https://virtualtour4.com
Mantri Synergy,OMR,61 Crores,4 BHK,1205 sq. ft.,"Playground, Parking, Garden",https://virtualtour2.com
Hiranandani Anchorage,Karapakkam,56 Crores,4 BHK,1308 sq. ft.,"Sports Arena, Jogging Track, CCTV Surveillance",https://virtualtour2.com
Akshaya Abov,Sholinganallur,90 Crores,4 BHK,1641 sq. ft.,"Yoga Deck, Multipurpose Hall, 24/7 Power Backup",https://virtualtour3.com
Purva Skycondos,Sholinganallur,66 Crores,2 BHK,988 sq. ft.,"Yoga Deck, Multipurpose Hall, 24/7 Power Backup",https://virtualtour4.com
TVH Ouranya Bay,Siruseri,58 Crores,4 BHK,864 sq. ft.,"Gym, Swimming Pool, Clubhouse, Security",https://virtualtour8.com
L&T Eden Park,Karapakkam,120 Crores,3 BHK,1805 sq. ft.,"Playground, Parking, Garden",https://virtualtour10.com
Baashyaam Pinnacle Crest,Padur,114 Crores,1 BHK,851 sq. ft.,"Gym, Swimming Pool, Clubhouse, Security",https://virtualtour3.com
Radiance Ivy Terrace,Siruseri,111 Crores,1 BHK,2194 sq. ft.,"Indoor Games, Children's Play Area, Library",https://virtualtour5.com
The Metrozone,Karapakkam,57 Crores,4 BHK,1169 sq. ft.,"Sports Arena, Jogging Track, CCTV Surveillance",https://virtualtour5.com
The Metrozone,Karapakkam,89 Crores,1 BHK,1325 sq. ft.,"Gym, Swimming Pool, Clubhouse, Security",https://virtualtour5.com
Nova Meridian,OMR,46 Crores,3 BHK,2322 sq. ft.,"Sports Arena, Jogging Track, CCTV Surveillance",https://virtualtour6.com
Nova Meridian,Siruseri,82 Crores,3 BHK,1934 sq. ft.,"Indoor Games, Children's Play Area, Library",https://virtualtour4.com
Prestige Courtyards,Karapakkam,111 Crores,3 BHK,1072 sq. ft.,"Playground, Parking, Garden",https://virtualtour5.com
Olympia Opaline,Siruseri,108 Crores,2 BHK,1266 sq. ft.,"Indoor Games, Children's Play Area, Library",https://virtualtour9.com
Olympia Opaline,Perungudi,114 Crores,2 BHK,1505 sq. ft.,"Yoga Deck, Multipurpose Hall, 24/7 Power Backup",https://virtualtour3.com
TVH Ouranya Bay,Perungudi,53 Crores,3 BHK,1581 sq. ft.,"Indoor Games, Children's Play Area, Library",https://virtualtour3.com
Lancor TCP Altura,Sholinganallur,72 Crores,4 BHK,2102 sq. ft.,"Playground, Parking, Garden",https://virtualtour1.com
Mantri Synergy,Perungudi,104 Crores,3 BHK,922 sq. ft.,"Indoor Games, Children's Play Area, Library",https://virtualtour4.com
Adroit District S,Navalur,110 Crores,4 BHK,1541 sq. ft.,"Yoga Deck, Multipurpose Hall, 24/7 Power Backup",https://virtualtour4.com
L&T Eden Park,Uthandi,89 Crores,4 BHK,1122 sq. ft.,"Yoga Deck, Multipurpose Hall, 24/7 Power Backup",https://virtualtour1.com
Casa Grande Elita,Semmencherry,96 Crores,3 BHK,1348 sq. ft.,"Yoga Deck, Multipurpose Hall, 24/7 Power Backup",https://virtualtour6.com
Akshaya Abov,Padur,65 Crores,2 BHK,1874 sq. ft.,"Playground, Parking, Garden",https://virtualtour1.com
L&T Eden Park,Semmencherry,45 Crores,4 BHK,1351 sq. ft.,"Yoga Deck, Multipurpose Hall, 24/7 Power Backup",https://virtualtour2.com
Nova Meridian,Karapakkam,118 Crores,3 BHK,1856 sq. ft.,"Sports Arena, Jogging Track, CCTV Surveillance",https://virtualtour3.com
XS Real Siena,Padur,64 Crores,1 BHK,1464 sq. ft.,"Gym, Swimming Pool, Clubhouse, Security",https://virtualtour1.com
L&T Eden Park,Semmencherry,46 Crores,3 BHK,2325 sq. ft.,"Indoor Games, Children's Play Area, Library",https://virtualtour2.com
The Metrozone,Karapakkam,60 Crores,2 BHK,1266 sq. ft.,"Gym, Swimming Pool, Clubhouse, Security",https://virtualtour2.com
Adroit District S,Thoraipakkam,79 Crores,3 BHK,2458 sq. ft.,"Sports Arena, Jogging Track, CCTV Surveillance",https://virtualtour9.com
The Metrozone,Karapakkam,117 Crores,4 BHK,1156 sq. ft.,"Yoga Deck, Multipurpose Hall, 24/7 Power Backup",https://virtualtour1.com
Prestige Courtyards,Semmencherry,115 Crores,4 BHK,1721 sq. ft.,"Playground, Parking, Garden",https://virtualtour6.com
Akshaya Abov,Semmencherry,60 Crores,3 BHK,853 sq. ft.,"Sports Arena, Jogging Track, CCTV Surveillance",https://virtualtour1.com
Sobha Winchester,Thoraipakkam,60 Crores,4 BHK,1076 sq. ft.,"Yoga Deck, Multipurpose Hall, 24/7 Power Backup",https://virtualtour10.com
Hiranandani Anchorage,Perungudi,91 Crores,2 BHK,2493 sq. ft.,"Gym, Swimming Pool, Clubhouse, Security",https://virtualtour9.com
Godrej Azure,OMR,97 Crores,3 BHK,1114 sq. ft.,"Sports Arena, Jogging Track, CCTV Surveillance",https://virtualtour10.com
Adroit District S,Uthandi,85 Crores,4 BHK,1229 sq. ft.,"Gym, Swimming Pool, Clubhouse, Security",https://virtualtour7.com
The Metrozone,Padur,89 Crores,2 BHK,1708 sq. ft.,"Indoor Games, Children's Play Area, Library",https://virtualtour5.com
Hiranandani Anchorage,Siruseri,91 Crores,3 BHK,1969 sq. ft.,"Gym, Swimming Pool, Clubhouse, Security",https://virtualtour4.com
Purva Skycondos,OMR,117 Crores,2 BHK,1988 sq. ft.,"Playground, Parking, Garden",https://virtualtour10.com
Lancor TCP Altura,Sholinganallur,78 Crores,1 BHK,1134 sq. ft.,"Gym, Swimming Pool, Clubhouse, Security",https://virtualtour6.com
Godrej Azure,Sholinganallur,104 Crores,3 BHK,1823 sq. ft.,"Yoga Deck, Multipurpose Hall, 24/7 Power Backup",https://virtualtour4.com
The Metrozone,Siruseri,69 Crores,3 BHK,1437 sq. ft.,"Indoor Games, Children's Play Area, Library",https://virtualtour5.com
The Metrozone,OMR,117 Crores,1 BHK,898 sq. ft.,"Sports Arena, Jogging Track, CCTV Surveillance",https://virtualtour6.com
Hiranandani Anchorage,Perungudi,106 Crores,4 BHK,1950 sq. ft.,"Indoor Games, Children's Play Area, Library",https://virtualtour10.com
Adroit District S,Karapakkam,117 Crores,3 BHK,960 sq. ft.,"Yoga Deck, Multipurpose Hall, 24/7 Power Backup",https://virtualtour1.com
Mantri Synergy,Thoraipakkam,62 Crores,4 BHK,1699 sq. ft.,"Gym, Swimming Pool, Clubhouse, Security",https://virtualtour4.com
Hiranandani Anchorage,Sholinganallur,52 Crores,4 BHK,1440 sq. ft.,"Playground, Parking, Garden",https://virtualtour6.com
Lancor TCP Altura,OMR,46 Crores,2 BHK,1887 sq. ft.,"Indoor Games, Children's Play Area, Library",https://virtualtour4.com
XS Real Siena,Sholinganallur,86 Crores,4 BHK,877 sq. ft.,"Gym, Swimming Pool, Clubhouse, Security",https://virtualtour1.com
Godrej Azure,OMR,76 Crores,2 BHK,1742 sq. ft.,"Yoga Deck, Multipurpose Hall, 24/7 Power Backup",https://virtualtour3.com